id;description;time_sent;token_value;received;actioned;content_fully_enqueued
1;Central;80710;Israel;true;false;false
2;Licensed Avon;85842;firewall;true;true;false
3;Money Market Account;62518;B2B Handmade;true;false;false
4;Track;68724;Refined Concrete Chips mobile;false;true;false
5;Senior Drives Frozen;97234;generate backing up Data;false;false;true
6;Home Loan Account hacking;84241;Cliff;false;true;false
7;Bacon payment;59625;Idaho Practical;true;false;true
8;Avon Brazilian Real Solutions;67076;Plains mint green;true;false;false
9;Manager;39525;United Arab Emirates transmitting;true;true;true
10;Credit Card Account Money Market Account;46867;Savings Account;true;false;true
